Date,(0-25),(25-50),(50-75),(75-100),(100-125),(125-150),(150-175),(175-200),(200-225),(225-250),(250-275),(275-300),(300-325),(325-350),(350-375),(375-400),(400-425),(425-450),(450-475),(475-500),(500-525),(525-550),(550-575),(575-600),(600-625),(625-650),(650-675),(675-700),(700-725),(725-750),(750-775),(775-800),(800-825),(825-850),(850-875),(875-900),(900-925),(925-950),(950-975),(975-1000),(1000-1025),(1025-1050),(1050-1075),(1075-1100),(1100-1125),(1125-1150),(1150-1175),(1175-1200),(1200-1225),(1225-1250),(1250-1275),(1275-1300),(1300-1325)
25/08/2025,0.000000,0.000000,0.000000,0.000000,0.000000,0.000000,0.000000,0.000000,0.000000,0.000000,0.018833,0.110798,0.258654,0.311736,0.208502,0.076481,0.014010,0.000986,0.000000,0.000000,0.000000,0.000000,0.000000,0.000000,0.000000,0.000000,0.000000,0.000000,0.000000,0.000000,0.000000,0.000000,0.000000,0.000000,0.000000,0.000000,0.000000,0.000000,0.000000,0.000000,0.000000,0.000000,0.000000,0.000000,0.000000,0.000000,0.000000,0.000000,0.000000,0.000000,0.000000,0.000000,0.000000
26/08/2025,0.000000,0.000000,0.000000,0.000000,0.000000,0.000000,0.000000,0.000000,0.000000,0.000000,0.028167,0.142378,0.288815,0.302725,0.174816,0.054434,0.008206,0.000459,0.000000,0.000000,0.000000,0.000000,0.000000,0.000000,0.000000,0.000000,0.000000,0.000000,0.000000,0.000000,0.000000,0.000000,0.000000,0.000000,0.000000,0.000000,0.000000,0.000000,0.000000,0.000000,0.000000,0.000000,0.000000,0.000000,0.000000,0.000000,0.000000,0.000000,0.000000,0.000000,0.000000,0.000000,0.000000
27/08/2025,0.000000,0.000000,0.000000,0.000000,0.000000,0.000000,0.000000,0.000000,0.000000,0.000000,0.031900,0.155597,0.301517,0.298314,0.160347,0.045777,0.006234,0.000314,0.000000,0.000000,0.000000,0.000000,0.000000,0.000000,0.000000,0.000000,0.000000,0.000000,0.000000,0.000000,0.000000,0.000000,0.000000,0.000000,0.000000,0.000000,0.000000,0.000000,0.000000,0.000000,0.000000,0.000000,0.000000,0.000000,0.000000,0.000000,0.000000,0.000000,0.000000,0.000000,0.000000,0.000000,0.000000
28/08/2025,0.000000,0.000000,0.000000,0.000000,0.000000,0.000000,0.000000,0.000000,0.000000,0.000000,0.025928,0.136539,0.285894,0.306549,0.179573,0.056416,0.008607,0.000494,0.000000,0.000000,0.000000,0.000000,0.000000,0.000000,0.000000,0.000000,0.000000,0.000000,0.000000,0.000000,0.000000,0.000000,0.000000,0.000000,0.000000,0.000000,0.000000,0.000000,0.000000,0.000000,0.000000,0.000000,0.000000,0.000000,0.000000,0.000000,0.000000,0.000000,0.000000,0.000000,0.000000,0.000000,0.000000
29/08/2025,0.000000,0.000000,0.000000,0.000000,0.000000,0.000000,0.000000,0.000000,0.000000,0.000000,0.027331,0.140110,0.287601,0.304035,0.176634,0.055349,0.008454,0.000487,0.000000,0.000000,0.000000,0.000000,0.000000,0.000000,0.000000,0.000000,0.000000,0.000000,0.000000,0.000000,0.000000,0.000000,0.000000,0.000000,0.000000,0.000000,0.000000,0.000000,0.000000,0.000000,0.000000,0.000000,0.000000,0.000000,0.000000,0.000000,0.000000,0.000000,0.000000,0.000000,0.000000,0.000000,0.000000
02/09/2025,0.000000,0.000000,0.000000,0.000000,0.000000,0.000000,0.000000,0.000000,0.000000,0.000000,0.019461,0.114074,0.265878,0.316431,0.204056,0.068994,0.010610,0.000496,0.000000,0.000000,0.000000,0.000000,0.000000,0.000000,0.000000,0.000000,0.000000,0.000000,0.000000,0.000000,0.000000,0.000000,0.000000,0.000000,0.000000,0.000000,0.000000,0.000000,0.000000,0.000000,0.000000,0.000000,0.000000,0.000000,0.000000,0.000000,0.000000,0.000000,0.000000,0.000000,0.000000,0.000000,0.000000
03/09/2025,0.000000,0.000000,0.000000,0.000000,0.000000,0.000000,0.000000,0.000000,0.000000,0.000000,0.027220,0.144835,0.299816,0.309527,0.167927,0.045483,0.005061,0.000130,0.000000,0.000000,0.000000,0.000000,0.000000,0.000000,0.000000,0.000000,0.000000,0.000000,0.000000,0.000000,0.000000,0.000000,0.000000,0.000000,0.000000,0.000000,0.000000,0.000000,0.000000,0.000000,0.000000,0.000000,0.000000,0.000000,0.000000,0.000000,0.000000,0.000000,0.000000,0.000000,0.000000,0.000000,0.000000
04/09/2025,0.000000,0.000000,0.000000,0.000000,0.000000,0.000000,0.000000,0.000000,0.000000,0.000000,0.031654,0.158602,0.309924,0.301994,0.154395,0.039255,0.004071,0.000105,0.000000,0.000000,0.000000,0.000000,0.000000,0.000000,0.000000,0.000000,0.000000,0.000000,0.000000,0.000000,0.000000,0.000000,0.000000,0.000000,0.000000,0.000000,0.000000,0.000000,0.000000,0.000000,0.000000,0.000000,0.000000,0.000000,0.000000,0.000000,0.000000,0.000000,0.000000,0.000000,0.000000,0.000000,0.000000
05/09/2025,0.000000,0.000000,0.000000,0.000000,0.000000,0.000000,0.000000,0.000000,0.000000,0.005932,0.072603,0.238303,0.339368,0.241541,0.087084,0.014389,0.000780,0.000000,0.000000,0.000000,0.000000,0.000000,0.000000,0.000000,0.000000,0.000000,0.000000,0.000000,0.000000,0.000000,0.000000,0.000000,0.000000,0.000000,0.000000,0.000000,0.000000,0.000000,0.000000,0.000000,0.000000,0.000000,0.000000,0.000000,0.000000,0.000000,0.000000,0.000000,0.000000,0.000000,0.000000,0.000000,0.000000
08/09/2025,0.000000,0.000000,0.000000,0.000000,0.000000,0.000000,0.000000,0.000000,0.000000,0.006041,0.076089,0.250536,0.346452,0.232529,0.076620,0.011181,0.000553,0.000000,0.000000,0.000000,0.000000,0.000000,0.000000,0.000000,0.000000,0.000000,0.000000,0.000000,0.000000,0.000000,0.000000,0.000000,0.000000,0.000000,0.000000,0.000000,0.000000,0.000000,0.000000,0.000000,0.000000,0.000000,0.000000,0.000000,0.000000,0.000000,0.000000,0.000000,0.000000,0.000000,0.000000,0.000000,0.000000
09/09/2025,0.000000,0.000000,0.000000,0.000000,0.000000,0.000000,0.000000,0.000000,0.000000,0.002685,0.048622,0.197286,0.333803,0.277488,0.116092,0.022491,0.001533,0.000000,0.000000,0.000000,0.000000,0.000000,0.000000,0.000000,0.000000,0.000000,0.000000,0.000000,0.000000,0.000000,0.000000,0.000000,0.000000,0.000000,0.000000,0.000000,0.000000,0.000000,0.000000,0.000000,0.000000,0.000000,0.000000,0.000000,0.000000,0.000000,0.000000,0.000000,0.000000,0.000000,0.000000,0.000000,0.000000
10/09/2025,0.000000,0.000000,0.000000,0.000000,0.000000,0.000000,0.000000,0.000000,0.000000,0.003537,0.053744,0.210450,0.342763,0.268765,0.102657,0.017173,0.000911,0.000000,0.000000,0.000000,0.000000,0.000000,0.000000,0.000000,0.000000,0.000000,0.000000,0.000000,0.000000,0.000000,0.000000,0.000000,0.000000,0.000000,0.000000,0.000000,0.000000,0.000000,0.000000,0.000000,0.000000,0.000000,0.000000,0.000000,0.000000,0.000000,0.000000,0.000000,0.000000,0.000000,0.000000,0.000000,0.000000
11/09/2025,0.000000,0.000000,0.000000,0.000000,0.000000,0.000000,0.000000,0.000000,0.000000,0.002532,0.052007,0.220522,0.360600,0.267443,0.087014,0.009553,0.000329,0.000000,0.000000,0.000000,0.000000,0.000000,0.000000,0.000000,0.000000,0.000000,0.000000,0.000000,0.000000,0.000000,0.000000,0.000000,0.000000,0.000000,0.000000,0.000000,0.000000,0.000000,0.000000,0.000000,0.000000,0.000000,0.000000,0.000000,0.000000,0.000000,0.000000,0.000000,0.000000,0.000000,0.000000,0.000000,0.000000
12/09/2025,0.000000,0.000000,0.000000,0.000000,0.000000,0.000000,0.000000,0.000000,0.000000,0.002243,0.043705,0.193175,0.343757,0.287520,0.111820,0.017035,0.000745,0.000000,0.000000,0.000000,0.000000,0.000000,0.000000,0.000000,0.000000,0.000000,0.000000,0.000000,0.000000,0.000000,0.000000,0.000000,0.000000,0.000000,0.000000,0.000000,0.000000,0.000000,0.000000,0.000000,0.000000,0.000000,0.000000,0.000000,0.000000,0.000000,0.000000,0.000000,0.000000,0.000000,0.000000,0.000000,0.000000
15/09/2025,0.000000,0.000000,0.000000,0.000000,0.000000,0.000000,0.000000,0.000000,0.000000,0.002080,0.049385,0.208937,0.346232,0.272050,0.103532,0.016990,0.000793,0.000000,0.000000,0.000000,0.000000,0.000000,0.000000,0.000000,0.000000,0.000000,0.000000,0.000000,0.000000,0.000000,0.000000,0.000000,0.000000,0.000000,0.000000,0.000000,0.000000,0.000000,0.000000,0.000000,0.000000,0.000000,0.000000,0.000000,0.000000,0.000000,0.000000,0.000000,0.000000,0.000000,0.000000,0.000000,0.000000
16/09/2025,0.000000,0.000000,0.000000,0.000000,0.000000,0.000000,0.000000,0.000000,0.000000,0.002458,0.057408,0.226124,0.349032,0.256997,0.092624,0.014671,0.000686,0.000000,0.000000,0.000000,0.000000,0.000000,0.000000,0.000000,0.000000,0.000000,0.000000,0.000000,0.000000,0.000000,0.000000,0.000000,0.000000,0.000000,0.000000,0.000000,0.000000,0.000000,0.000000,0.000000,0.000000,0.000000,0.000000,0.000000,0.000000,0.000000,0.000000,0.000000,0.000000,0.000000,0.000000,0.000000,0.000000
17/09/2025,0.000000,0.000000,0.000000,0.000000,0.000000,0.000000,0.000000,0.000000,0.000000,0.000132,0.038695,0.198886,0.357933,0.287358,0.102902,0.013553,0.000540,0.000000,0.000000,0.000000,0.000000,0.000000,0.000000,0.000000,0.000000,0.000000,0.000000,0.000000,0.000000,0.000000,0.000000,0.000000,0.000000,0.000000,0.000000,0.000000,0.000000,0.000000,0.000000,0.000000,0.000000,0.000000,0.000000,0.000000,0.000000,0.000000,0.000000,0.000000,0.000000,0.000000,0.000000,0.000000,0.000000
18/09/2025,0.000000,0.000000,0.000000,0.000000,0.000000,0.000000,0.000000,0.000000,0.000000,0.000000,0.036982,0.194503,0.356800,0.291487,0.105674,0.013966,0.000589,0.000000,0.000000,0.000000,0.000000,0.000000,0.000000,0.000000,0.000000,0.000000,0.000000,0.000000,0.000000,0.000000,0.000000,0.000000,0.000000,0.000000,0.000000,0.000000,0.000000,0.000000,0.000000,0.000000,0.000000,0.000000,0.000000,0.000000,0.000000,0.000000,0.000000,,,,,,
19/09/2025,0.000000,0.000000,0.000000,0.000000,0.000000,0.000000,0.000000,0.000000,0.000000,0.000000,0.029172,0.169339,0.342933,0.310966,0.126990,0.019661,0.000938,0.000000,0.000000,0.000000,0.000000,0.000000,0.000000,0.000000,0.000000,0.000000,0.000000,0.000000,0.000000,0.000000,0.000000,0.000000,0.000000,0.000000,0.000000,0.000000,0.000000,0.000000,0.000000,0.000000,0.000000,0.000000,0.000000,0.000000,0.000000,0.000000,0.000000,,,,,,
22/09/2025,0.000000,0.000000,0.000000,0.000000,0.000000,0.000000,0.000000,0.000000,0.000000,0.000000,0.024316,0.149753,0.328269,0.324414,0.145875,0.025890,0.001483,0.000000,0.000000,0.000000,0.000000,0.000000,0.000000,0.000000,0.000000,0.000000,0.000000,0.000000,0.000000,0.000000,0.000000,0.000000,0.000000,0.000000,0.000000,0.000000,0.000000,0.000000,0.000000,0.000000,0.000000,0.000000,0.000000,0.000000,0.000000,0.000000,0.000000,,,,,,
23/09/2025,0.000000,0.000000,0.000000,0.000000,0.000000,0.000000,0.000000,0.000000,0.000000,0.000000,0.023584,0.149835,0.329763,0.324736,0.145294,0.025470,0.001317,0.000000,0.000000,0.000000,0.000000,0.000000,0.000000,0.000000,0.000000,0.000000,0.000000,0.000000,0.000000,0.000000,0.000000,0.000000,0.000000,0.000000,0.000000,0.000000,0.000000,0.000000,0.000000,0.000000,0.000000,0.000000,0.000000,0.000000,0.000000,0.000000,0.000000,,,,,,
24/09/2025,0.000000,0.000000,0.000000,0.000000,0.000000,0.000000,0.000000,0.000000,0.000000,0.000000,0.020408,0.135208,0.316171,0.334333,0.161602,0.030627,0.001651,0.000000,0.000000,0.000000,0.000000,0.000000,0.000000,0.000000,0.000000,0.000000,0.000000,0.000000,0.000000,0.000000,0.000000,0.000000,0.000000,0.000000,0.000000,0.000000,0.000000,0.000000,0.000000,0.000000,0.000000,0.000000,0.000000,0.000000,0.000000,0.000000,0.000000,,,,,,
25/09/2025,0.000000,0.000000,0.000000,0.000000,0.000000,0.000000,0.000000,0.000000,0.000000,0.000000,0.009315,0.080964,0.250932,0.353366,0.233305,0.066095,0.006023,0.000000,0.000000,0.000000,0.000000,0.000000,0.000000,0.000000,0.000000,0.000000,0.000000,0.000000,0.000000,0.000000,0.000000,0.000000,0.000000,0.000000,0.000000,0.000000,0.000000,0.000000,0.000000,0.000000,0.000000,0.000000,0.000000,0.000000,0.000000,0.000000,0.000000,,,,,,
26/09/2025,0.000000,0.000000,0.000000,0.000000,0.000000,0.000000,0.000000,0.000000,0.000000,0.000000,0.011782,0.093882,0.269624,0.352788,0.213948,0.053764,0.004213,0.000000,0.000000,0.000000,0.000000,0.000000,0.000000,0.000000,0.000000,0.000000,0.000000,0.000000,0.000000,0.000000,0.000000,0.000000,0.000000,0.000000,0.000000,0.000000,0.000000,0.000000,0.000000,0.000000,0.000000,0.000000,0.000000,0.000000,0.000000,0.000000,0.000000,,,,,,
29/09/2025,0.000000,0.000000,0.000000,0.000000,0.000000,0.000000,0.000000,0.000000,0.000000,0.000000,0.012208,0.098911,0.278631,0.352649,0.205485,0.048756,0.003360,0.000000,0.000000,0.000000,0.000000,0.000000,0.000000,0.000000,0.000000,0.000000,0.000000,0.000000,0.000000,0.000000,0.000000,0.000000,0.000000,0.000000,0.000000,0.000000,0.000000,0.000000,0.000000,0.000000,0.000000,0.000000,0.000000,0.000000,0.000000,0.000000,0.000000,,,,,,
30/09/2025,0.000000,0.000000,0.000000,0.000000,0.000000,0.000000,0.000000,0.000000,0.000000,0.000000,0.016842,0.123346,0.313614,0.349164,0.168238,0.027937,0.000861,0.000000,0.000000,0.000000,0.000000,0.000000,0.000000,0.000000,0.000000,0.000000,0.000000,0.000000,0.000000,0.000000,0.000000,0.000000,0.000000,0.000000,0.000000,0.000000,0.000000,0.000000,0.000000,0.000000,0.000000,0.000000,0.000000,0.000000,0.000000,0.000000,0.000000,,,,,,
01/10/2025,0.000000,0.000000,0.000000,0.000000,0.000000,0.000000,0.000000,0.000000,0.000000,0.000000,0.027103,0.168559,0.355584,0.321275,0.117210,0.010213,0.000056,0.000000,0.000000,0.000000,0.000000,0.000000,0.000000,0.000000,0.000000,0.000000,0.000000,0.000000,0.000000,0.000000,0.000000,0.000000,0.000000,0.000000,0.000000,0.000000,0.000000,0.000000,0.000000,0.000000,0.000000,0.000000,0.000000,0.000000,0.000000,0.000000,0.000000,,,,,,
02/10/2025,0.000000,0.000000,0.000000,0.000000,0.000000,0.000000,0.000000,0.000000,0.000000,0.000000,0.028663,0.170565,0.354105,0.319672,0.117037,0.009824,0.000134,0.000000,0.000000,0.000000,0.000000,0.000000,0.000000,0.000000,0.000000,0.000000,0.000000,0.000000,0.000000,0.000000,0.000000,0.000000,0.000000,0.000000,0.000000,0.000000,0.000000,0.000000,0.000000,0.000000,0.000000,0.000000,0.000000,0.000000,0.000000,0.000000,0.000000,,,,,,
03/10/2025,0.000000,0.000000,0.000000,0.000000,0.000000,0.000000,0.000000,0.000000,0.000000,0.000000,0.023238,0.151009,0.340178,0.333893,0.136002,0.015269,0.000410,0.000000,0.000000,0.000000,0.000000,0.000000,0.000000,0.000000,0.000000,0.000000,0.000000,0.000000,0.000000,0.000000,0.000000,0.000000,0.000000,0.000000,0.000000,0.000000,0.000000,0.000000,0.000000,0.000000,0.000000,0.000000,0.000000,0.000000,0.000000,0.000000,0.000000,,,,,,
06/10/2025,0.000000,0.000000,0.000000,0.000000,0.000000,0.000000,0.000000,0.000000,0.000000,0.000000,0.018030,0.130402,0.325103,0.350342,0.155717,0.019701,0.000706,0.000000,0.000000,0.000000,0.000000,0.000000,0.000000,0.000000,0.000000,0.000000,0.000000,0.000000,0.000000,0.000000,0.000000,0.000000,0.000000,0.000000,0.000000,0.000000,0.000000,0.000000,0.000000,0.000000,0.000000,0.000000,0.000000,0.000000,0.000000,0.000000,0.000000,,,,,,
07/10/2025,0.000000,0.000000,0.000000,0.000000,0.000000,0.000000,0.000000,0.000000,0.000000,0.000000,0.019631,0.134443,0.324724,0.344198,0.154332,0.021911,0.000760,0.000000,0.000000,0.000000,0.000000,0.000000,0.000000,0.000000,0.000000,0.000000,0.000000,0.000000,0.000000,0.000000,0.000000,0.000000,0.000000,0.000000,0.000000,0.000000,0.000000,0.000000,0.000000,0.000000,0.000000,0.000000,0.000000,0.000000,0.000000,0.000000,0.000000,,,,,,
08/10/2025,0.000000,0.000000,0.000000,0.000000,0.000000,0.000000,0.000000,0.000000,0.000000,0.000000,0.016787,0.122819,0.312661,0.350138,0.169047,0.027408,0.001139,0.000000,0.000000,0.000000,0.000000,0.000000,0.000000,0.000000,0.000000,0.000000,0.000000,0.000000,0.000000,0.000000,0.000000,0.000000,0.000000,0.000000,0.000000,0.000000,0.000000,0.000000,0.000000,0.000000,0.000000,0.000000,0.000000,0.000000,0.000000,0.000000,0.000000,,,,,,
09/10/2025,0.000000,0.000000,0.000000,0.000000,0.000000,0.000000,0.000000,0.000000,0.000000,0.000000,0.015784,0.117943,0.308817,0.355621,0.174068,0.026691,0.001075,0.000000,0.000000,0.000000,0.000000,0.000000,0.000000,0.000000,0.000000,0.000000,0.000000,0.000000,0.000000,0.000000,0.000000,0.000000,0.000000,0.000000,0.000000,0.000000,0.000000,0.000000,0.000000,0.000000,0.000000,0.000000,0.000000,0.000000,0.000000,0.000000,0.000000,,,,,,
10/10/2025,0.000000,0.000000,0.000000,0.000000,0.000000,0.000000,0.000000,0.000000,0.000000,0.000000,0.032801,0.187250,0.365727,0.305666,0.101334,0.007130,0.000093,0.000000,0.000000,0.000000,0.000000,0.000000,0.000000,0.000000,0.000000,0.000000,0.000000,0.000000,0.000000,0.000000,0.000000,0.000000,0.000000,0.000000,0.000000,0.000000,0.000000,0.000000,0.000000,0.000000,0.000000,0.000000,0.000000,0.000000,0.000000,0.000000,0.000000,,,,,,
13/10/2025,0.000000,0.000000,0.000000,0.000000,0.000000,0.000000,0.000000,0.000000,0.000000,0.000000,0.041635,0.214362,0.377133,0.282294,0.081186,0.003356,0.000035,0.000000,0.000000,0.000000,0.000000,0.000000,0.000000,0.000000,0.000000,0.000000,0.000000,0.000000,0.000000,0.000000,0.000000,0.000000,0.000000,0.000000,0.000000,0.000000,0.000000,0.000000,0.000000,0.000000,0.000000,0.000000,0.000000,0.000000,0.000000,0.000000,0.000000,,,,,,
14/10/2025,0.000000,0.000000,0.000000,0.000000,0.000000,0.000000,0.000000,0.000000,0.000000,0.000000,0.042604,0.217373,0.377474,0.278667,0.079853,0.003974,0.000055,0.000000,0.000000,0.000000,0.000000,0.000000,0.000000,0.000000,0.000000,0.000000,0.000000,0.000000,0.000000,0.000000,0.000000,0.000000,0.000000,0.000000,0.000000,0.000000,0.000000,0.000000,0.000000,0.000000,0.000000,0.000000,0.000000,0.000000,0.000000,0.000000,0.000000,,,,,,
15/10/2025,0.000000,0.000000,0.000000,0.000000,0.000000,0.000000,0.000000,0.000000,0.000000,0.000000,0.041296,0.212924,0.375576,0.282752,0.083104,0.004288,0.000061,0.000000,0.000000,0.000000,0.000000,0.000000,0.000000,0.000000,0.000000,0.000000,0.000000,0.000000,0.000000,0.000000,0.000000,0.000000,0.000000,0.000000,0.000000,0.000000,0.000000,0.000000,0.000000,0.000000,0.000000,0.000000,0.000000,0.000000,0.000000,0.000000,0.000000,,,,,,
16/10/2025,0.000000,0.000000,0.000000,0.000000,0.000000,0.000000,0.000000,0.000000,0.000190,0.007844,0.085739,0.281102,0.368961,0.211666,0.044499,0.000000,0.000000,0.000000,0.000000,0.000000,0.000000,0.000000,0.000000,0.000000,0.000000,0.000000,0.000000,0.000000,0.000000,0.000000,0.000000,0.000000,0.000000,0.000000,0.000000,0.000000,0.000000,0.000000,0.000000,0.000000,0.000000,0.000000,0.000000,0.000000,0.000000,0.000000,0.000000,,,,,,
17/10/2025,0.000000,0.000000,0.000000,0.000000,0.000000,0.000000,0.000000,0.000000,0.000036,0.003143,0.059355,0.243843,0.379099,0.253127,0.061397,0.000000,0.000000,0.000000,0.000000,0.000000,0.000000,0.000000,0.000000,0.000000,0.000000,0.000000,0.000000,0.000000,0.000000,0.000000,0.000000,0.000000,0.000000,0.000000,0.000000,0.000000,0.000000,0.000000,0.000000,0.000000,0.000000,0.000000,0.000000,0.000000,0.000000,0.000000,0.000000,,,,,,
20/10/2025,0.000000,0.000000,0.000000,0.000000,0.000000,0.000000,0.000000,0.000000,0.000000,0.000338,0.053760,0.244891,0.384586,0.254607,0.061465,0.000354,0.000000,0.000000,0.000000,0.000000,0.000000,0.000000,0.000000,0.000000,0.000000,0.000000,0.000000,0.000000,0.000000,0.000000,0.000000,0.000000,0.000000,0.000000,0.000000,0.000000,0.000000,0.000000,0.000000,0.000000,0.000000,0.000000,0.000000,0.000000,0.000000,0.000000,0.000000,,,,,,
21/10/2025,0.000000,0.000000,0.000000,0.000000,0.000000,0.000000,0.000000,0.000000,0.000000,0.000120,0.056411,0.253682,0.385373,0.245628,0.057879,0.000906,0.000000,0.000000,0.000000,0.000000,0.000000,0.000000,0.000000,0.000000,0.000000,0.000000,0.000000,0.000000,0.000000,0.000000,0.000000,0.000000,0.000000,0.000000,0.000000,0.000000,0.000000,0.000000,0.000000,0.000000,0.000000,0.000000,0.000000,0.000000,0.000000,0.000000,0.000000,,,,,,
22/10/2025,0.000000,0.000000,0.000000,0.000000,0.000000,0.000000,0.000000,0.000000,0.000000,0.000000,0.056445,0.253243,0.382096,0.244856,0.060901,0.002434,0.000026,0.000000,0.000000,0.000000,0.000000,0.000000,0.000000,0.000000,0.000000,0.000000,0.000000,0.000000,0.000000,0.000000,0.000000,0.000000,0.000000,0.000000,0.000000,0.000000,0.000000,0.000000,0.000000,0.000000,0.000000,0.000000,0.000000,0.000000,0.000000,0.000000,0.000000,,,,,,
23/10/2025,0.000000,0.000000,0.000000,0.000000,0.000000,0.000000,0.000000,0.000000,0.000000,0.000000,0.038869,0.208377,0.372494,0.285195,0.088497,0.006483,0.000085,0.000000,0.000000,0.000000,0.000000,0.000000,0.000000,0.000000,0.000000,0.000000,0.000000,0.000000,0.000000,0.000000,0.000000,0.000000,0.000000,0.000000,0.000000,0.000000,0.000000,0.000000,0.000000,0.000000,0.000000,0.000000,0.000000,0.000000,0.000000,0.000000,0.000000,,,,,,
24/10/2025,0.000000,0.000000,0.000000,0.000000,0.000000,0.000000,0.000000,0.000000,0.000000,0.001509,0.038889,0.201227,0.373092,0.294211,0.088037,0.003036,0.000000,0.000000,0.000000,0.000000,0.000000,0.000000,0.000000,0.000000,0.000000,0.000000,0.000000,0.000000,0.000000,0.000000,0.000000,0.000000,0.000000,0.000000,0.000000,0.000000,0.000000,0.000000,0.000000,0.000000,0.000000,0.000000,0.000000,0.000000,0.000000,0.000000,0.000000,,,,,,
27/10/2025,0.000000,0.000000,0.000000,0.000000,0.000000,0.000000,0.000000,0.000000,0.000000,0.000000,0.028083,0.173659,0.362563,0.320746,0.109293,0.005579,0.000077,0.000000,0.000000,0.000000,0.000000,0.000000,0.000000,0.000000,0.000000,0.000000,0.000000,0.000000,0.000000,0.000000,0.000000,0.000000,0.000000,0.000000,0.000000,0.000000,0.000000,0.000000,0.000000,0.000000,0.000000,0.000000,0.000000,0.000000,0.000000,0.000000,0.000000,,,,,,
28/10/2025,0.000000,0.000000,0.000000,0.000000,0.000000,0.000000,0.000000,0.000000,0.000000,0.000130,0.027630,0.169252,0.356751,0.321816,0.115691,0.008730,0.000000,0.000000,0.000000,0.000000,0.000000,0.000000,0.000000,0.000000,0.000000,0.000000,0.000000,0.000000,0.000000,0.000000,0.000000,0.000000,0.000000,0.000000,0.000000,0.000000,0.000000,0.000000,0.000000,0.000000,0.000000,0.000000,0.000000,0.000000,0.000000,0.000000,0.000000,,,,,,
29/10/2025,0.000000,0.000000,0.000000,0.000000,0.000000,0.000000,0.000000,0.000000,0.000000,0.000000,0.013987,0.105808,0.284456,0.347661,0.197567,0.046961,0.003560,0.000000,0.000000,0.000000,0.000000,0.000000,0.000000,0.000000,0.000000,0.000000,0.000000,0.000000,0.000000,0.000000,0.000000,0.000000,0.000000,0.000000,0.000000,0.000000,0.000000,0.000000,0.000000,0.000000,0.000000,0.000000,0.000000,0.000000,0.000000,0.000000,0.000000,,,,,,
30/10/2025,0.000000,0.000000,0.000000,0.000000,0.000000,0.000000,0.000000,0.000000,0.000000,0.000000,0.011534,0.094042,0.279928,0.369603,0.206482,0.038411,0.000000,0.000000,0.000000,0.000000,0.000000,0.000000,0.000000,0.000000,0.000000,0.000000,0.000000,0.000000,0.000000,0.000000,0.000000,0.000000,0.000000,0.000000,0.000000,0.000000,0.000000,0.000000,0.000000,0.000000,0.000000,,,,,,,,,,,,
31/10/2025,0.000000,0.000000,0.000000,0.000000,0.000000,0.000000,0.000000,0.000000,0.000000,0.000000,0.009366,0.081644,0.259157,0.368567,0.229921,0.051345,0.000000,0.000000,0.000000,0.000000,0.000000,0.000000,0.000000,0.000000,0.000000,0.000000,0.000000,0.000000,0.000000,0.000000,0.000000,0.000000,0.000000,0.000000,0.000000,0.000000,0.000000,0.000000,0.000000,0.000000,0.000000,,,,,,,,,,,,
03/11/2025,0.000000,0.000000,0.000000,0.000000,0.000000,0.000000,0.000000,0.000000,0.000000,0.000000,0.010663,0.089652,0.272237,0.367688,0.215300,0.044459,0.000000,0.000000,0.000000,0.000000,0.000000,0.000000,0.000000,0.000000,0.000000,0.000000,0.000000,0.000000,0.000000,0.000000,0.000000,0.000000,0.000000,0.000000,0.000000,0.000000,0.000000,0.000000,0.000000,0.000000,0.000000,,,,,,,,,,,,
04/11/2025,0.000000,0.000000,0.000000,0.000000,0.000000,0.000000,0.000000,0.000000,0.000000,0.000000,0.012261,0.096639,0.278917,0.362879,0.207563,0.041741,0.000000,0.000000,0.000000,0.000000,0.000000,0.000000,0.000000,0.000000,0.000000,0.000000,0.000000,0.000000,0.000000,0.000000,0.000000,0.000000,0.000000,0.000000,0.000000,0.000000,0.000000,0.000000,0.000000,0.000000,0.000000,,,,,,,,,,,,
05/11/2025,0.000000,0.000000,0.000000,0.000000,0.000000,0.000000,0.000000,0.000000,0.000000,0.000000,0.007409,0.070101,0.240324,0.369842,0.251209,0.061116,0.000000,0.000000,0.000000,0.000000,0.000000,0.000000,0.000000,0.000000,0.000000,0.000000,0.000000,0.000000,0.000000,0.000000,0.000000,0.000000,0.000000,0.000000,0.000000,0.000000,0.000000,0.000000,0.000000,0.000000,0.000000,,,,,,,,,,,,
06/11/2025,0.000000,0.000000,0.000000,0.000000,0.000000,0.000000,0.000000,0.000000,0.000000,0.000000,0.013854,0.104887,0.288806,0.358163,0.196371,0.037920,0.000000,0.000000,0.000000,0.000000,0.000000,0.000000,0.000000,0.000000,0.000000,0.000000,0.000000,0.000000,0.000000,0.000000,0.000000,0.000000,0.000000,0.000000,0.000000,0.000000,0.000000,0.000000,0.000000,0.000000,0.000000,,,,,,,,,,,,
07/11/2025,0.000000,0.000000,0.000000,0.000000,0.000000,0.000000,0.000000,0.000000,0.000000,0.000000,0.016674,0.117618,0.299139,0.347119,0.183808,0.035641,0.000000,0.000000,0.000000,0.000000,0.000000,0.000000,0.000000,0.000000,0.000000,0.000000,0.000000,0.000000,0.000000,0.000000,0.000000,0.000000,0.000000,0.000000,0.000000,0.000000,0.000000,0.000000,0.000000,0.000000,0.000000,,,,,,,,,,,,
10/11/2025,0.000000,0.000000,0.000000,0.000000,0.000000,0.000000,0.000000,0.000000,0.000000,0.000000,0.012768,0.097407,0.273814,0.355688,0.213022,0.047300,0.000000,0.000000,0.000000,0.000000,0.000000,0.000000,0.000000,0.000000,0.000000,0.000000,0.000000,0.000000,0.000000,0.000000,0.000000,0.000000,0.000000,0.000000,0.000000,0.000000,0.000000,0.000000,0.000000,0.000000,0.000000,,,,,,,,,,,,
11/11/2025,0.000000,0.000000,0.000000,0.000000,0.000000,0.000000,0.000000,0.000000,0.000000,0.000000,0.018866,0.125258,0.304474,0.341377,0.176393,0.033632,0.000000,0.000000,0.000000,0.000000,0.000000,0.000000,0.000000,0.000000,0.000000,0.000000,0.000000,0.000000,0.000000,0.000000,0.000000,0.000000,0.000000,0.000000,0.000000,0.000000,0.000000,0.000000,0.000000,0.000000,0.000000,,,,,,,,,,,,
12/11/2025,0.000000,0.000000,0.000000,0.000000,0.000000,0.000000,0.000000,0.000000,0.000000,0.000000,0.017781,0.119669,0.296898,0.342962,0.185114,0.037577,0.000000,0.000000,0.000000,0.000000,0.000000,0.000000,0.000000,0.000000,0.000000,0.000000,0.000000,0.000000,0.000000,0.000000,0.000000,0.000000,0.000000,0.000000,0.000000,0.000000,0.000000,0.000000,0.000000,0.000000,0.000000,,,,,,,,,,,,
13/11/2025,0.000000,0.000000,0.000000,0.000000,0.000000,0.000000,0.000000,0.000000,0.000000,0.000000,0.013242,0.096964,0.267936,0.351310,0.218818,0.051731,0.000000,0.000000,0.000000,0.000000,0.000000,0.000000,0.000000,0.000000,0.000000,0.000000,0.000000,0.000000,0.000000,0.000000,0.000000,0.000000,0.000000,0.000000,0.000000,0.000000,0.000000,0.000000,0.000000,0.000000,0.000000,,,,,,,,,,,,
14/11/2025,0.000000,0.000000,0.000000,0.000000,0.000000,0.000000,0.000000,0.000000,0.000000,0.000000,0.010668,0.083129,0.247642,0.353639,0.241868,0.063053,0.000000,0.000000,0.000000,0.000000,0.000000,0.000000,0.000000,0.000000,0.000000,0.000000,0.000000,0.000000,0.000000,0.000000,0.000000,0.000000,0.000000,0.000000,0.000000,0.000000,0.000000,0.000000,0.000000,0.000000,0.000000,,,,,,,,,,,,
17/11/2025,0.000000,0.000000,0.000000,0.000000,0.000000,0.000000,0.000000,0.000000,0.000000,0.000000,0.011053,0.085413,0.251676,0.354240,0.237507,0.060111,0.000000,0.000000,0.000000,0.000000,0.000000,0.000000,0.000000,0.000000,0.000000,0.000000,0.000000,0.000000,0.000000,0.000000,0.000000,0.000000,0.000000,0.000000,0.000000,0.000000,0.000000,0.000000,0.000000,0.000000,0.000000,,,,,,,,,,,,
18/11/2025,0.000000,0.000000,0.000000,0.000000,0.000000,0.000000,0.000000,0.000000,0.000000,0.000000,0.014781,0.105073,0.279485,0.349775,0.205729,0.045157,0.000000,0.000000,0.000000,0.000000,0.000000,0.000000,0.000000,0.000000,0.000000,0.000000,0.000000,0.000000,0.000000,0.000000,0.000000,0.000000,0.000000,0.000000,0.000000,0.000000,0.000000,0.000000,0.000000,0.000000,0.000000,,,,,,,,,,,,
19/11/2025,0.000000,0.000000,0.000000,0.000000,0.000000,0.000000,0.000000,0.000000,0.000000,0.000000,0.010778,0.086337,0.259039,0.360049,0.230100,0.053697,0.000000,0.000000,0.000000,0.000000,0.000000,0.000000,0.000000,0.000000,0.000000,0.000000,0.000000,0.000000,0.000000,0.000000,0.000000,0.000000,0.000000,0.000000,0.000000,0.000000,0.000000,0.000000,0.000000,0.000000,0.000000,,,,,,,,,,,,
20/11/2025,0.000000,0.000000,0.000000,0.000000,0.000000,0.000000,0.000000,0.000000,0.000000,0.000000,0.017006,0.114317,0.289498,0.345455,0.193470,0.040254,0.000000,0.000000,0.000000,0.000000,0.000000,0.000000,0.000000,0.000000,0.000000,0.000000,0.000000,0.000000,0.000000,0.000000,0.000000,0.000000,0.000000,0.000000,0.000000,0.000000,0.000000,0.000000,0.000000,0.000000,0.000000,,,,,,,,,,,,
21/11/2025,0.000000,0.000000,0.000000,0.000000,0.000000,0.000000,0.000000,0.000000,0.000000,0.000000,0.019228,0.129026,0.316583,0.345155,0.162867,0.027141,0.000000,0.000000,0.000000,0.000000,0.000000,0.000000,0.000000,0.000000,0.000000,0.000000,0.000000,0.000000,0.000000,0.000000,0.000000,0.000000,0.000000,0.000000,0.000000,0.000000,0.000000,0.000000,0.000000,0.000000,0.000000,,,,,,,,,,,,
24/11/2025,0.000000,0.000000,0.000000,0.000000,0.000000,0.000000,0.000000,0.000000,0.000000,0.000000,0.015787,0.121085,0.326697,0.364645,0.153893,0.017892,0.000000,0.000000,0.000000,0.000000,0.000000,0.000000,0.000000,0.000000,0.000000,0.000000,0.000000,0.000000,0.000000,0.000000,0.000000,0.000000,0.000000,0.000000,0.000000,0.000000,0.000000,0.000000,0.000000,0.000000,0.000000,,,,,,,,,,,,
25/11/2025,0.000000,0.000000,0.000000,0.000000,0.000000,0.000000,0.000000,0.000000,0.000000,0.000000,0.017419,0.128965,0.336374,0.361080,0.140936,0.015226,0.000000,0.000000,0.000000,0.000000,0.000000,0.000000,0.000000,0.000000,0.000000,0.000000,0.000000,0.000000,0.000000,0.000000,0.000000,0.000000,0.000000,0.000000,0.000000,0.000000,0.000000,0.000000,0.000000,0.000000,0.000000,,,,,,,,,,,,
26/11/2025,0.000000,0.000000,0.000000,0.000000,0.000000,0.000000,0.000000,0.000000,0.000000,0.000000,0.013404,0.109999,0.317456,0.376463,0.162861,0.019817,0.000000,0.000000,0.000000,0.000000,0.000000,0.000000,0.000000,0.000000,0.000000,0.000000,0.000000,0.000000,0.000000,0.000000,0.000000,0.000000,0.000000,0.000000,0.000000,0.000000,0.000000,0.000000,0.000000,0.000000,0.000000,,,,,,,,,,,,
28/11/2025,0.000000,0.000000,0.000000,0.000000,0.000000,0.000000,0.000000,0.000000,0.000000,0.000000,0.012365,0.104027,0.310171,0.383292,0.171524,0.018622,0.000000,0.000000,0.000000,0.000000,0.000000,0.000000,0.000000,0.000000,0.000000,0.000000,0.000000,0.000000,0.000000,0.000000,0.000000,0.000000,0.000000,0.000000,0.000000,0.000000,0.000000,0.000000,0.000000,0.000000,0.000000,,,,,,,,,,,,
01/12/2025,0.000000,0.000000,0.000000,0.000000,0.000000,0.000000,0.000000,0.000000,0.000000,0.000000,0.008598,0.083209,0.283559,0.399707,0.202013,0.022914,0.000000,0.000000,0.000000,0.000000,0.000000,0.000000,0.000000,0.000000,0.000000,0.000000,0.000000,0.000000,0.000000,0.000000,0.000000,0.000000,0.000000,0.000000,0.000000,0.000000,0.000000,0.000000,0.000000,0.000000,0.000000,,,,,,,,,,,,
02/12/2025,0.000000,0.000000,0.000000,0.000000,0.000000,0.000000,0.000000,0.000000,0.000000,0.000000,0.013016,0.105827,0.308355,0.380556,0.174748,0.017499,0.000000,0.000000,0.000000,0.000000,0.000000,0.000000,0.000000,0.000000,0.000000,0.000000,0.000000,0.000000,0.000000,0.000000,0.000000,0.000000,0.000000,0.000000,0.000000,0.000000,0.000000,0.000000,0.000000,0.000000,0.000000,,,,,,,,,,,,
03/12/2025,0.000000,0.000000,0.000000,0.000000,0.000000,0.000000,0.000000,0.000000,0.000000,0.000000,0.016959,0.124519,0.327301,0.364902,0.153355,0.012965,0.000000,0.000000,0.000000,0.000000,0.000000,0.000000,0.000000,0.000000,0.000000,0.000000,0.000000,0.000000,0.000000,0.000000,0.000000,0.000000,0.000000,0.000000,0.000000,0.000000,0.000000,0.000000,0.000000,0.000000,0.000000,,,,,,,,,,,,
04/12/2025,0.000000,0.000000,0.000000,0.000000,0.000000,0.000000,0.000000,0.000000,0.000000,0.000000,0.011989,0.099848,0.299320,0.383335,0.186721,0.018787,0.000000,0.000000,0.000000,0.000000,0.000000,0.000000,0.000000,0.000000,0.000000,0.000000,0.000000,0.000000,0.000000,0.000000,0.000000,0.000000,0.000000,0.000000,0.000000,0.000000,0.000000,0.000000,0.000000,0.000000,0.000000,,,,,,,,,,,,
05/12/2025,0.000000,0.000000,0.000000,0.000000,0.000000,0.000000,0.000000,0.000000,0.000000,0.000000,0.009802,0.087742,0.282264,0.389302,0.206695,0.024195,0.000000,0.000000,0.000000,0.000000,0.000000,0.000000,0.000000,0.000000,0.000000,0.000000,0.000000,0.000000,0.000000,0.000000,0.000000,0.000000,0.000000,0.000000,0.000000,0.000000,0.000000,0.000000,0.000000,0.000000,0.000000,,,,,,,,,,,,
08/12/2025,0.000000,0.000000,0.000000,0.000000,0.000000,0.000000,0.000000,0.000000,0.000000,0.000000,0.007829,0.076707,0.268157,0.398912,0.225181,0.023214,0.000000,0.000000,0.000000,0.000000,0.000000,0.000000,0.000000,0.000000,0.000000,0.000000,0.000000,0.000000,0.000000,0.000000,0.000000,0.000000,0.000000,0.000000,0.000000,0.000000,0.000000,0.000000,0.000000,0.000000,0.000000,,,,,,,,,,,,
09/12/2025,0.000000,0.000000,0.000000,0.000000,0.000000,0.000000,0.000000,0.000000,0.000000,0.000000,0.004933,0.057284,0.237536,0.413741,0.259558,0.026948,0.000000,0.000000,0.000000,0.000000,0.000000,0.000000,0.000000,0.000000,0.000000,0.000000,0.000000,0.000000,0.000000,0.000000,0.000000,0.000000,0.000000,0.000000,0.000000,0.000000,0.000000,0.000000,0.000000,0.000000,0.000000,,,,,,,,,,,,
10/12/2025,0.000000,0.000000,0.000000,0.000000,0.000000,0.000000,0.000000,0.000000,0.000000,0.000000,0.006097,0.068363,0.267512,0.422201,0.221190,0.014636,0.000000,0.000000,0.000000,0.000000,0.000000,0.000000,0.000000,0.000000,0.000000,0.000000,0.000000,0.000000,0.000000,0.000000,0.000000,0.000000,0.000000,0.000000,0.000000,0.000000,0.000000,0.000000,0.000000,0.000000,0.000000,,,,,,,,,,,,
11/12/2025,0.000000,0.000000,0.000000,0.000000,0.000000,0.000000,0.000000,0.000000,0.000000,0.000000,0.008531,0.085161,0.297620,0.419411,0.189276,0.000000,0.000000,0.000000,0.000000,0.000000,0.000000,0.000000,0.000000,0.000000,0.000000,0.000000,0.000000,0.000000,0.000000,0.000000,0.000000,0.000000,0.000000,0.000000,0.000000,,,,,,,,,,,,,,,,,,
12/12/2025,0.000000,0.000000,0.000000,0.000000,0.000000,0.000000,0.000000,0.000000,0.000000,0.000000,0.009620,0.090653,0.301894,0.411414,0.186419,0.000000,0.000000,0.000000,0.000000,0.000000,0.000000,0.000000,0.000000,0.000000,0.000000,0.000000,0.000000,0.000000,0.000000,0.000000,0.000000,0.000000,0.000000,0.000000,0.000000,,,,,,,,,,,,,,,,,,
15/12/2025,0.000000,0.000000,0.000000,0.000000,0.000000,0.000000,0.000000,0.000000,0.000000,0.000000,0.011500,0.101502,0.316070,0.401614,0.169314,0.000000,0.000000,0.000000,0.000000,0.000000,0.000000,0.000000,0.000000,0.000000,0.000000,0.000000,0.000000,0.000000,0.000000,0.000000,0.000000,0.000000,0.000000,0.000000,0.000000,,,,,,,,,,,,,,,,,,
16/12/2025,0.000000,0.000000,0.000000,0.000000,0.000000,0.000000,0.000000,0.000000,0.000000,0.000000,0.012776,0.109108,0.325683,0.393090,0.159344,0.000000,0.000000,0.000000,0.000000,0.000000,0.000000,0.000000,0.000000,0.000000,0.000000,0.000000,0.000000,0.000000,0.000000,0.000000,0.000000,0.000000,0.000000,0.000000,0.000000,,,,,,,,,,,,,,,,,,
17/12/2025,0.000000,0.000000,0.000000,0.000000,0.000000,0.000000,0.000000,0.000000,0.000000,0.000000,0.012808,0.109327,0.326050,0.392948,0.158867,0.000000,0.000000,0.000000,0.000000,0.000000,0.000000,0.000000,0.000000,0.000000,0.000000,0.000000,0.000000,0.000000,0.000000,0.000000,0.000000,0.000000,0.000000,0.000000,0.000000,,,,,,,,,,,,,,,,,,
18/12/2025,0.000000,0.000000,0.000000,0.000000,0.000000,0.000000,0.000000,0.000000,0.000000,0.000000,0.016656,0.127433,0.341849,0.373782,0.140280,0.000000,0.000000,0.000000,0.000000,0.000000,0.000000,0.000000,0.000000,0.000000,0.000000,0.000000,0.000000,0.000000,0.000000,0.000000,0.000000,0.000000,0.000000,0.000000,0.000000,,,,,,,,,,,,,,,,,,
19/12/2025,0.000000,0.000000,0.000000,0.000000,0.000000,0.000000,0.000000,0.000000,0.000000,0.000000,0.012833,0.111770,0.332844,0.389788,0.152764,0.000000,0.000000,0.000000,0.000000,0.000000,0.000000,0.000000,0.000000,0.000000,0.000000,0.000000,0.000000,0.000000,0.000000,0.000000,0.000000,0.000000,0.000000,0.000000,0.000000,,,,,,,,,,,,,,,,,,
22/12/2025,0.000000,0.000000,0.000000,0.000000,0.000000,0.000000,0.000000,0.000000,0.000000,0.000000,0.010607,0.099654,0.318567,0.401452,0.169720,0.000000,0.000000,0.000000,0.000000,0.000000,0.000000,0.000000,0.000000,0.000000,0.000000,0.000000,0.000000,0.000000,0.000000,0.000000,0.000000,0.000000,0.000000,0.000000,0.000000,,,,,,,,,,,,,,,,,,
23/12/2025,0.000000,0.000000,0.000000,0.000000,0.000000,0.000000,0.000000,0.000000,0.000000,0.000000,0.006581,0.077294,0.297123,0.424614,0.194387,0.000000,0.000000,0.000000,0.000000,0.000000,0.000000,0.000000,0.000000,0.000000,0.000000,0.000000,0.000000,0.000000,0.000000,0.000000,0.000000,0.000000,0.000000,0.000000,0.000000,,,,,,,,,,,,,,,,,,
24/12/2025,0.000000,0.000000,0.000000,0.000000,0.000000,0.000000,0.000000,0.000000,0.000000,0.000000,0.007068,0.082079,0.309005,0.423169,0.178679,0.000000,0.000000,0.000000,0.000000,0.000000,0.000000,0.000000,0.000000,0.000000,0.000000,0.000000,0.000000,0.000000,0.000000,0.000000,0.000000,0.000000,0.000000,0.000000,0.000000,,,,,,,,,,,,,,,,,,
26/12/2025,0.000000,0.000000,0.000000,0.000000,0.000000,0.000000,0.000000,0.000000,0.000000,0.000000,0.009426,0.096154,0.322943,0.405781,0.165696,0.000000,0.000000,0.000000,0.000000,0.000000,0.000000,0.000000,0.000000,0.000000,0.000000,0.000000,0.000000,0.000000,0.000000,0.000000,0.000000,0.000000,0.000000,0.000000,0.000000,,,,,,,,,,,,,,,,,,
29/12/2025,0.000000,0.000000,0.000000,0.000000,0.000000,0.000000,0.000000,0.000000,0.000000,0.000000,0.010312,0.104067,0.336179,0.399574,0.149868,0.000000,0.000000,0.000000,0.000000,0.000000,0.000000,0.000000,0.000000,0.000000,0.000000,0.000000,0.000000,0.000000,0.000000,0.000000,0.000000,0.000000,0.000000,0.000000,0.000000,,,,,,,,,,,,,,,,,,
30/12/2025,0.000000,0.000000,0.000000,0.000000,0.000000,0.000000,0.000000,0.000000,0.000000,0.000000,0.009834,0.100353,0.330315,0.404355,0.155142,0.000000,0.000000,0.000000,0.000000,0.000000,0.000000,0.000000,0.000000,0.000000,0.000000,0.000000,0.000000,0.000000,0.000000,0.000000,0.000000,0.000000,0.000000,0.000000,0.000000,,,,,,,,,,,,,,,,,,
31/12/2025,0.000000,0.000000,0.000000,0.000000,0.000000,0.000000,0.000000,0.000000,0.000000,0.000000,0.008038,0.089354,0.319151,0.417173,0.166284,0.000000,0.000000,0.000000,0.000000,0.000000,0.000000,0.000000,0.000000,0.000000,0.000000,0.000000,0.000000,0.000000,0.000000,0.000000,0.000000,0.000000,0.000000,0.000000,0.000000,,,,,,,,,,,,,,,,,,
02/01/2026,0.000000,0.000000,0.000000,0.000000,0.000000,0.000000,0.000000,0.000000,0.000000,0.000000,0.007958,0.088013,0.317386,0.416116,0.170526,0.000000,0.000000,0.000000,0.000000,0.000000,0.000000,0.000000,0.000000,0.000000,0.000000,0.000000,0.000000,0.000000,0.000000,0.000000,0.000000,0.000000,0.000000,0.000000,0.000000,,,,,,,,,,,,,,,,,,
05/01/2026,0.000000,0.000000,0.000000,0.000000,0.000000,0.000000,0.000000,0.000000,0.000000,0.000000,0.008223,0.090465,0.323082,0.414932,0.163298,0.000000,0.000000,0.000000,0.000000,0.000000,0.000000,0.000000,0.000000,0.000000,0.000000,0.000000,0.000000,0.000000,0.000000,0.000000,0.000000,0.000000,0.000000,0.000000,0.000000,,,,,,,,,,,,,,,,,,
06/01/2026,0.000000,0.000000,0.000000,0.000000,0.000000,0.000000,0.000000,0.000000,0.000000,0.000000,0.006650,0.076769,0.296148,0.427252,0.193181,0.000000,0.000000,0.000000,0.000000,0.000000,0.000000,0.000000,0.000000,0.000000,0.000000,0.000000,0.000000,0.000000,0.000000,0.000000,0.000000,0.000000,0.000000,0.000000,0.000000,,,,,,,,,,,,,,,,,,
07/01/2026,0.000000,0.000000,0.000000,0.000000,0.000000,0.000000,0.000000,0.000000,0.000000,0.000000,0.005332,0.072225,0.301190,0.440713,0.180540,0.000000,0.000000,0.000000,0.000000,0.000000,0.000000,0.000000,0.000000,0.000000,0.000000,0.000000,0.000000,0.000000,0.000000,0.000000,0.000000,0.000000,0.000000,0.000000,0.000000,,,,,,,,,,,,,,,,,,
08/01/2026,0.000000,0.000000,0.000000,0.000000,0.000000,0.000000,0.000000,0.000000,0.000000,0.000000,0.004079,0.061261,0.281355,0.447213,0.206091,0.000000,0.000000,0.000000,0.000000,0.000000,0.000000,0.000000,0.000000,0.000000,0.000000,0.000000,0.000000,0.000000,0.000000,0.000000,0.000000,0.000000,0.000000,0.000000,0.000000,,,,,,,,,,,,,,,,,,
09/01/2026,0.000000,0.000000,0.000000,0.000000,0.000000,0.000000,0.000000,0.000000,0.000000,0.000000,0.001090,0.032487,0.214908,0.473341,0.278175,0.000000,0.000000,0.000000,0.000000,0.000000,0.000000,0.000000,0.000000,0.000000,0.000000,0.000000,0.000000,0.000000,0.000000,0.000000,0.000000,0.000000,0.000000,0.000000,0.000000,,,,,,,,,,,,,,,,,,
12/01/2026,0.000000,0.000000,0.000000,0.000000,0.000000,0.000000,0.000000,0.000000,0.000000,0.000000,0.000859,0.026402,0.190252,0.461829,0.320658,0.000000,0.000000,0.000000,0.000000,0.000000,0.000000,0.000000,0.000000,0.000000,0.000000,0.000000,0.000000,0.000000,0.000000,0.000000,0.000000,0.000000,0.000000,0.000000,0.000000,,,,,,,,,,,,,,,,,,
13/01/2026,0.000000,0.000000,0.000000,0.000000,0.000000,0.000000,0.000000,0.000000,0.000000,0.000000,0.000484,0.025699,0.201028,0.480363,0.292426,0.000000,0.000000,0.000000,0.000000,0.000000,0.000000,0.000000,0.000000,0.000000,0.000000,0.000000,0.000000,0.000000,0.000000,0.000000,0.000000,0.000000,0.000000,0.000000,0.000000,,,,,,,,,,,,,,,,,,
14/01/2026,0.000000,0.000000,0.000000,0.000000,0.000000,0.000000,0.000000,0.000000,0.000000,0.000000,0.001001,0.030190,0.206665,0.475691,0.286453,0.000000,0.000000,0.000000,0.000000,0.000000,0.000000,0.000000,0.000000,0.000000,0.000000,0.000000,0.000000,0.000000,0.000000,0.000000,0.000000,0.000000,0.000000,0.000000,0.000000,,,,,,,,,,,,,,,,,,
15/01/2026,0.000000,0.000000,0.000000,0.000000,0.000000,0.000000,0.000000,0.000000,0.000000,0.000000,0.000523,0.017403,0.152719,0.466616,0.362739,0.000000,0.000000,0.000000,0.000000,0.000000,0.000000,0.000000,0.000000,0.000000,0.000000,0.000000,0.000000,0.000000,0.000000,0.000000,0.000000,0.000000,0.000000,0.000000,0.000000,,,,,,,,,,,,,,,,,,
16/01/2026,0.000000,0.000000,0.000000,0.000000,0.000000,0.000000,0.000000,0.000000,0.000000,0.000000,0.000516,0.016941,0.145057,0.444733,0.392753,0.000000,0.000000,0.000000,0.000000,0.000000,0.000000,0.000000,0.000000,0.000000,0.000000,0.000000,0.000000,0.000000,0.000000,0.000000,0.000000,0.000000,0.000000,0.000000,0.000000,,,,,,,,,,,,,,,,,,
20/01/2026,0.000000,0.000000,0.000000,0.000000,0.000000,0.000000,0.000000,0.000000,0.000000,0.000000,0.000759,0.020899,0.160923,0.451227,0.366192,0.000000,0.000000,0.000000,0.000000,0.000000,0.000000,0.000000,0.000000,0.000000,0.000000,0.000000,0.000000,0.000000,0.000000,0.000000,0.000000,0.000000,0.000000,0.000000,0.000000,,,,,,,,,,,,,,,,,,
21/01/2026,0.000000,0.000000,0.000000,0.000000,0.000000,0.000000,0.000000,0.000000,0.000000,0.000000,0.000417,0.014368,0.135725,0.451512,0.397978,0.000000,0.000000,0.000000,0.000000,0.000000,0.000000,0.000000,0.000000,0.000000,0.000000,0.000000,0.000000,0.000000,0.000000,0.000000,0.000000,0.000000,0.000000,0.000000,0.000000,,,,,,,,,,,,,,,,,,
22/01/2026,0.000000,0.000000,0.000000,0.000000,0.000000,0.000000,0.000000,0.000000,0.000000,0.000000,0.000313,0.011426,0.120888,0.450428,0.416945,0.000000,0.000000,0.000000,0.000000,0.000000,0.000000,0.000000,0.000000,0.000000,0.000000,0.000000,0.000000,0.000000,0.000000,0.000000,0.000000,0.000000,0.000000,0.000000,0.000000,,,,,,,,,,,,,,,,,,
23/01/2026,0.000000,0.000000,0.000000,0.000000,0.000000,0.000000,0.000000,0.000000,0.000000,0.000000,0.000372,0.013252,0.133163,0.460162,0.393050,0.000000,0.000000,0.000000,0.000000,0.000000,0.000000,0.000000,0.000000,0.000000,0.000000,0.000000,0.000000,0.000000,0.000000,0.000000,0.000000,0.000000,0.000000,0.000000,0.000000,,,,,,,,,,,,,,,,,,
26/01/2026,0.000000,0.000000,0.000000,0.000000,0.000000,0.000000,0.000000,0.000000,0.000000,0.000000,0.000340,0.012366,0.129235,0.468045,0.390013,0.000000,0.000000,0.000000,0.000000,0.000000,0.000000,0.000000,0.000000,0.000000,0.000000,0.000000,0.000000,0.000000,0.000000,0.000000,0.000000,0.000000,0.000000,0.000000,0.000000,,,,,,,,,,,,,,,,,,
27/01/2026,0.000000,0.000000,0.000000,0.000000,0.000000,0.000000,0.000000,0.000000,0.000000,0.000000,0.000492,0.016765,0.154202,0.482928,0.345613,0.000000,0.000000,0.000000,0.000000,0.000000,0.000000,0.000000,0.000000,0.000000,0.000000,0.000000,0.000000,0.000000,0.000000,0.000000,0.000000,0.000000,0.000000,0.000000,0.000000,,,,,,,,,,,,,,,,,,
28/01/2026,0.000000,0.000000,0.000000,0.000000,0.000000,0.000000,0.000000,0.000000,0.000000,0.000000,0.000089,0.009205,0.121339,0.479734,0.389633,0.000000,0.000000,0.000000,0.000000,0.000000,0.000000,0.000000,0.000000,0.000000,0.000000,0.000000,0.000000,0.000000,0.000000,0.000000,0.000000,0.000000,0.000000,0.000000,0.000000,,,,,,,,,,,,,,,,,,
29/01/2026,0.000000,0.000000,0.000000,0.000000,0.000000,0.000000,0.000000,0.000000,0.000000,0.000000,0.000000,0.011409,0.137226,0.469254,0.382112,0.000000,0.000000,0.000000,0.000000,0.000000,0.000000,0.000000,0.000000,0.000000,0.000000,0.000000,0.000000,0.000000,0.000000,0.000000,,,,,,,,,,,,,,,,,,,,,,,
30/01/2026,0.000000,0.000000,0.000000,0.000000,0.000000,0.000000,0.000000,0.000000,0.000000,0.000000,0.000000,0.013367,0.156508,0.503434,0.326691,0.000000,0.000000,0.000000,0.000000,0.000000,0.000000,0.000000,0.000000,0.000000,0.000000,0.000000,0.000000,0.000000,0.000000,0.000000,,,,,,,,,,,,,,,,,,,,,,,
02/02/2026,0.000000,0.000000,0.000000,0.000000,0.000000,0.000000,0.000000,0.000000,0.000000,0.000000,0.000000,0.007919,0.117177,0.469819,0.405085,0.000000,0.000000,0.000000,0.000000,0.000000,0.000000,0.000000,0.000000,0.000000,0.000000,0.000000,0.000000,0.000000,0.000000,0.000000,,,,,,,,,,,,,,,,,,,,,,,
03/02/2026,0.000000,0.000000,0.000000,0.000000,0.000000,0.000000,0.000000,0.000000,0.000000,0.000000,0.000000,0.006536,0.104693,0.448937,0.439834,0.000000,0.000000,0.000000,0.000000,0.000000,0.000000,0.000000,0.000000,0.000000,0.000000,0.000000,0.000000,0.000000,0.000000,0.000000,,,,,,,,,,,,,,,,,,,,,,,
04/02/2026,0.000000,0.000000,0.000000,0.000000,0.000000,0.000000,0.000000,0.000000,0.000000,0.000000,0.000000,0.006849,0.108955,0.459476,0.424721,0.000000,0.000000,0.000000,0.000000,0.000000,0.000000,0.000000,0.000000,0.000000,0.000000,0.000000,0.000000,0.000000,0.000000,0.000000,,,,,,,,,,,,,,,,,,,,,,,
05/02/2026,0.000000,0.000000,0.000000,0.000000,0.000000,0.000000,0.000000,0.000000,0.000000,0.000000,0.000000,0.030569,0.227035,0.492154,0.250242,0.000000,0.000000,0.000000,0.000000,0.000000,0.000000,0.000000,0.000000,0.000000,0.000000,0.000000,0.000000,0.000000,0.000000,0.000000,,,,,,,,,,,,,,,,,,,,,,,
06/02/2026,0.000000,0.000000,0.000000,0.000000,0.000000,0.000000,0.000000,0.000000,0.000000,0.000000,0.000000,0.019732,0.188353,0.510651,0.281264,0.000000,0.000000,0.000000,0.000000,0.000000,0.000000,0.000000,0.000000,0.000000,0.000000,0.000000,0.000000,0.000000,0.000000,0.000000,,,,,,,,,,,,,,,,,,,,,,,
09/02/2026,0.000000,0.000000,0.000000,0.000000,0.000000,0.000000,0.000000,0.000000,0.000000,0.000000,0.000000,0.022569,0.201600,0.504264,0.271566,0.000000,0.000000,0.000000,0.000000,0.000000,0.000000,0.000000,0.000000,0.000000,0.000000,0.000000,0.000000,0.000000,0.000000,0.000000,,,,,,,,,,,,,,,,,,,,,,,
10/02/2026,0.000000,0.000000,0.000000,0.000000,0.000000,0.000000,0.000000,0.000000,0.000000,0.000000,0.000000,0.031100,0.231101,0.489669,0.248130,0.000000,0.000000,0.000000,0.000000,0.000000,0.000000,0.000000,0.000000,0.000000,0.000000,0.000000,0.000000,0.000000,0.000000,0.000000,,,,,,,,,,,,,,,,,,,,,,,
11/02/2026,0.000000,0.000000,0.000000,0.000000,0.000000,0.000000,0.000000,0.000000,0.000000,0.000000,0.000000,0.004873,0.101062,0.469810,0.424255,0.000000,0.000000,0.000000,0.000000,0.000000,0.000000,0.000000,0.000000,0.000000,0.000000,0.000000,0.000000,0.000000,0.000000,0.000000,,,,,,,,,,,,,,,,,,,,,,,
12/02/2026,0.000000,0.000000,0.000000,0.000000,0.000000,0.000000,0.000000,0.000000,0.000000,0.000000,0.000000,0.007705,0.125813,0.489053,0.377429,0.000000,0.000000,0.000000,0.000000,0.000000,0.000000,0.000000,0.000000,0.000000,0.000000,0.000000,0.000000,0.000000,0.000000,0.000000,,,,,,,,,,,,,,,,,,,,,,,
13/02/2026,0.000000,0.000000,0.000000,0.000000,0.000000,0.000000,0.000000,0.000000,0.000000,0.000000,0.000000,0.011618,0.162949,0.511660,0.313772,0.000000,0.000000,0.000000,0.000000,0.000000,0.000000,0.000000,0.000000,0.000000,0.000000,0.000000,0.000000,0.000000,0.000000,0.000000,,,,,,,,,,,,,,,,,,,,,,,
17/02/2026,0.000000,0.000000,0.000000,0.000000,0.000000,0.000000,0.000000,0.000000,0.000000,0.000000,0.000000,0.007060,0.126147,0.500319,0.366474,0.000000,0.000000,0.000000,0.000000,0.000000,0.000000,0.000000,0.000000,0.000000,0.000000,0.000000,0.000000,0.000000,0.000000,0.000000,,,,,,,,,,,,,,,,,,,,,,,
18/02/2026,0.000000,0.000000,0.000000,0.000000,0.000000,0.000000,0.000000,0.000000,0.000000,0.000000,0.000000,0.005498,0.112667,0.503342,0.378492,0.000000,0.000000,0.000000,0.000000,0.000000,0.000000,0.000000,0.000000,0.000000,0.000000,0.000000,0.000000,0.000000,0.000000,0.000000,,,,,,,,,,,,,,,,,,,,,,,
19/02/2026,0.000000,0.000000,0.000000,0.000000,0.000000,0.000000,0.000000,0.000000,0.000000,0.000000,0.000000,0.004285,0.100701,0.480916,0.414098,0.000000,0.000000,0.000000,0.000000,0.000000,0.000000,0.000000,0.000000,0.000000,0.000000,0.000000,0.000000,0.000000,0.000000,0.000000,,,,,,,,,,,,,,,,,,,,,,,
20/02/2026,0.000000,0.000000,0.000000,0.000000,0.000000,0.000000,0.000000,0.000000,0.000000,0.000000,0.000000,0.002224,0.077002,0.455877,0.464898,0.000000,0.000000,0.000000,0.000000,0.000000,0.000000,0.000000,0.000000,0.000000,0.000000,0.000000,0.000000,0.000000,0.000000,0.000000,,,,,,,,,,,,,,,,,,,,,,,
23/02/2026,0.000000,0.000000,0.000000,0.000000,0.000000,0.000000,0.000000,0.000000,0.000000,0.000000,0.000000,0.003466,0.084350,0.454694,0.457490,0.000000,0.000000,0.000000,0.000000,0.000000,0.000000,0.000000,0.000000,0.000000,0.000000,0.000000,0.000000,0.000000,0.000000,0.000000,,,,,,,,,,,,,,,,,,,,,,,
24/02/2026,0.000000,0.000000,0.000000,0.000000,0.000000,0.000000,0.000000,0.000000,0.000000,0.000000,0.000000,0.001441,0.066503,0.427844,0.504212,0.000000,0.000000,0.000000,0.000000,0.000000,0.000000,0.000000,0.000000,0.000000,0.000000,0.000000,0.000000,0.000000,0.000000,0.000000,,,,,,,,,,,,,,,,,,,,,,,
25/02/2026,0.000000,0.000000,0.000000,0.000000,0.000000,0.000000,0.000000,0.000000,0.000000,0.000000,0.000000,0.001587,0.056738,0.398313,0.543361,0.000000,0.000000,0.000000,0.000000,0.000000,0.000000,0.000000,0.000000,0.000000,0.000000,0.000000,0.000000,0.000000,0.000000,0.000000,,,,,,,,,,,,,,,,,,,,,,,
26/02/2026,0.000000,0.000000,0.000000,0.000000,0.000000,0.000000,0.000000,0.000000,0.000000,0.000000,0.000000,0.002333,0.067289,0.404976,0.525403,0.000000,0.000000,0.000000,0.000000,0.000000,0.000000,0.000000,0.000000,0.000000,0.000000,0.000000,0.000000,0.000000,0.000000,0.000000,,,,,,,,,,,,,,,,,,,,,,,
27/02/2026,0.000000,0.000000,0.000000,0.000000,0.000000,0.000000,0.000000,0.000000,0.000000,0.000000,0.000000,0.005961,0.108645,0.458621,0.426773,0.000000,0.000000,0.000000,0.000000,0.000000,0.000000,0.000000,0.000000,0.000000,0.000000,0.000000,0.000000,0.000000,0.000000,0.000000,,,,,,,,,,,,,,,,,,,,,,,
02/03/2026,0.000000,0.000000,0.000000,0.000000,0.000000,0.000000,0.000000,0.000000,0.000000,0.000000,0.000000,0.001600,0.057143,0.400226,0.541032,0.000000,0.000000,0.000000,0.000000,0.000000,0.000000,0.000000,0.000000,0.000000,0.000000,0.000000,0.000000,0.000000,0.000000,0.000000,,,,,,,,,,,,,,,,,,,,,,,
03/03/2026,0.000000,0.000000,0.000000,0.000000,0.000000,0.000000,0.000000,0.000000,0.000000,0.000000,0.000000,0.001511,0.054210,0.386359,0.557921,0.000000,0.000000,0.000000,0.000000,0.000000,0.000000,0.000000,0.000000,0.000000,0.000000,0.000000,0.000000,0.000000,0.000000,0.000000,,,,,,,,,,,,,,,,,,,,,,,
04/03/2026,0.000000,0.000000,0.000000,0.000000,0.000000,0.000000,0.000000,0.000000,0.000000,0.000000,0.000000,0.000414,0.029517,0.301791,0.668277,0.000000,0.000000,0.000000,0.000000,0.000000,0.000000,0.000000,0.000000,0.000000,0.000000,0.000000,0.000000,0.000000,0.000000,0.000000,,,,,,,,,,,,,,,,,,,,,,,
05/03/2026,0.000000,0.000000,0.000000,0.000000,0.000000,0.000000,0.000000,0.000000,0.000000,0.000000,0.000000,0.000755,0.030198,0.302169,0.666879,0.000000,0.000000,0.000000,0.000000,0.000000,0.000000,0.000000,0.000000,0.000000,0.000000,0.000000,0.000000,0.000000,0.000000,0.000000,,,,,,,,,,,,,,,,,,,,,,,
06/03/2026,0.000000,0.000000,0.000000,0.000000,0.000000,0.000000,0.000000,0.000000,0.000000,0.000000,0.000000,0.001634,0.057917,0.379954,0.560495,0.000000,0.000000,0.000000,0.000000,0.000000,0.000000,0.000000,0.000000,0.000000,0.000000,0.000000,0.000000,0.000000,0.000000,0.000000,,,,,,,,,,,,,,,,,,,,,,,
09/03/2026,0.000000,0.000000,0.000000,0.000000,0.000000,0.000000,0.000000,0.000000,0.000000,0.000000,0.000000,0.000485,0.034270,0.333452,0.631792,0.000000,0.000000,0.000000,0.000000,0.000000,0.000000,0.000000,0.000000,0.000000,0.000000,0.000000,0.000000,0.000000,0.000000,0.000000,,,,,,,,,,,,,,,,,,,,,,,
10/03/2026,0.000000,0.000000,0.000000,0.000000,0.000000,0.000000,0.000000,0.000000,0.000000,0.000000,0.000000,0.000637,0.045341,0.370855,0.583167,0.000000,0.000000,0.000000,0.000000,0.000000,0.000000,0.000000,0.000000,0.000000,0.000000,0.000000,0.000000,0.000000,0.000000,0.000000,,,,,,,,,,,,,,,,,,,,,,,
11/03/2026,0.000000,0.000000,0.000000,0.000000,0.000000,0.000000,0.000000,0.000000,0.000000,0.000000,0.000000,0.000492,0.034745,0.336618,0.628144,0.000000,0.000000,0.000000,0.000000,0.000000,0.000000,0.000000,0.000000,0.000000,0.000000,0.000000,0.000000,0.000000,0.000000,0.000000,,,,,,,,,,,,,,,,,,,,,,,
12/03/2026,0.000000,0.000000,0.000000,0.000000,0.000000,0.000000,0.000000,0.000000,0.000000,0.000000,0.000000,0.000000,0.007096,0.198627,0.793182,0.001095,0.000000,0.000000,0.000000,0.000000,0.000000,0.000000,0.000000,0.000000,0.000000,0.000000,0.000000,0.000000,0.000000,0.000000,,,,,,,,,,,,,,,,,,,,,,,
13/03/2026,0.000000,0.000000,0.000000,0.000000,0.000000,0.000000,0.000000,0.000000,0.000000,0.000000,0.000000,0.000147,0.011751,0.226402,0.761700,0.000000,0.000000,0.000000,0.000000,0.000000,0.000000,0.000000,0.000000,0.000000,0.000000,0.000000,0.000000,0.000000,0.000000,0.000000,,,,,,,,,,,,,,,,,,,,,,,
16/03/2026,0.000000,0.000000,0.000000,0.000000,0.000000,0.000000,0.000000,0.000000,0.000000,0.000000,0.000000,0.000075,0.007678,0.212005,0.780242,0.000000,0.000000,0.000000,0.000000,0.000000,0.000000,0.000000,0.000000,0.000000,0.000000,0.000000,0.000000,0.000000,0.000000,0.000000,,,,,,,,,,,,,,,,,,,,,,,
17/03/2026,0.000000,0.000000,0.000000,0.000000,0.000000,0.000000,0.000000,0.000000,0.000000,0.000000,0.000000,0.000000,0.003878,0.200378,0.795195,0.000549,0.000000,0.000000,0.000000,0.000000,0.000000,0.000000,0.000000,0.000000,0.000000,0.000000,0.000000,0.000000,0.000000,0.000000,,,,,,,,,,,,,,,,,,,,,,,
18/03/2026,0.000000,0.000000,0.000000,0.000000,0.000000,0.000000,0.000000,0.000000,0.000000,0.000000,0.000000,0.000000,0.000000,0.111724,0.888276,0.000000,0.000000,0.000000,0.000000,0.000000,0.000000,0.000000,0.000000,0.000000,0.000000,0.000000,0.000000,0.000000,0.000000,0.000000,,,,,,,,,,,,,,,,,,,,,,,
19/03/2026,,,,,0.000000,0.000000,0.000000,0.000000,0.000000,0.000000,0.000000,0.000000,0.000000,0.000000,0.937931,0.062069,0.000000,0.000000,0.000000,0.000000,0.000000,0.000000,0.000000,0.000000,0.000000,,,,,,,,,,,,,,,,,,,,,,,,,,,,
20/03/2026,,,,,0.000000,0.000000,0.000000,0.000000,0.000000,0.000000,0.000000,0.000000,0.000000,0.000000,0.840828,0.154207,0.004966,0.000000,0.000000,0.000000,0.000000,0.000000,0.000000,0.000000,0.000000,,,,,,,,,,,,,,,,,,,,,,,,,,,,
23/03/2026,,,,,0.000000,0.000000,0.000000,0.000000,0.000000,0.000000,0.000000,0.000000,0.000000,0.000000,0.916585,0.082002,0.001413,0.000000,0.000000,0.000000,0.000000,0.000000,0.000000,0.000000,0.000000,,,,,,,,,,,,,,,,,,,,,,,,,,,,
24/03/2026,,,,,0.000000,0.000000,0.000000,0.000000,0.000000,0.000000,0.000000,0.000000,0.000000,0.000000,0.829313,0.162754,0.007933,0.000000,0.000000,0.000000,0.000000,0.000000,0.000000,0.000000,0.000000,,,,,,,,,,,,,,,,,,,,,,,,,,,,
25/03/2026,,,,,0.000000,0.000000,0.000000,0.000000,0.000000,0.000000,0.000000,0.000000,0.000000,0.000000,0.881931,0.114759,0.003310,0.000000,0.000000,0.000000,0.000000,0.000000,0.000000,0.000000,0.000000,,,,,,,,,,,,,,,,,,,,,,,,,,,,
26/03/2026,,,,,0.000000,0.000000,0.000000,0.000000,0.000000,0.000000,0.000000,0.000000,0.000000,0.000000,0.791743,0.198583,0.009674,0.000000,0.000000,0.000000,0.000000,0.000000,0.000000,0.000000,0.000000,,,,,,,,,,,,,,,,,,,,,,,,,,,,
27/03/2026,,,,,0.000000,0.000000,0.000000,0.000000,0.000000,0.000000,0.000000,0.000000,0.000000,0.000000,0.921598,0.076804,0.001598,0.000000,0.000000,0.000000,0.000000,0.000000,0.000000,0.000000,0.000000,,,,,,,,,,,,,,,,,,,,,,,,,,,,
30/03/2026,,,,,0.000000,0.000000,0.000000,0.000000,0.000000,0.000000,0.000000,0.000000,0.000000,0.036471,0.943610,0.019919,0.000000,0.000000,0.000000,0.000000,0.000000,0.000000,0.000000,0.000000,0.000000,,,,,,,,,,,,,,,,,,,,,,,,,,,,
31/03/2026,,,,,0.000000,0.000000,0.000000,0.000000,0.000000,0.000000,0.000000,0.000000,0.000000,0.055284,0.934949,0.009767,0.000000,0.000000,0.000000,0.000000,0.000000,0.000000,0.000000,0.000000,0.000000,,,,,,,,,,,,,,,,,,,,,,,,,,,,
01/04/2026,,,,,0.000000,0.000000,0.000000,0.000000,0.000000,0.000000,0.000000,0.000000,0.000000,0.056649,0.933598,0.009753,0.000000,0.000000,0.000000,0.000000,0.000000,0.000000,0.000000,0.000000,0.000000,,,,,,,,,,,,,,,,,,,,,,,,,,,,
02/04/2026,,,,,0.000000,0.000000,0.000000,0.000000,0.000000,0.000000,0.000000,0.000000,0.000000,0.057241,0.942759,0.000000,0.000000,0.000000,0.000000,0.000000,0.000000,0.000000,0.000000,0.000000,0.000000,,,,,,,,,,,,,,,,,,,,,,,,,,,,
06/04/2026,,,,,0.000000,0.000000,0.000000,0.000000,0.000000,0.000000,0.000000,0.000000,0.000000,0.040951,0.949132,0.009917,0.000000,0.000000,0.000000,0.000000,0.000000,0.000000,0.000000,0.000000,0.000000,,,,,,,,,,,,,,,,,,,,,,,,,,,,
07/04/2026,,,,,0.000000,0.000000,0.000000,0.000000,0.000000,0.000000,0.000000,0.000000,0.000000,0.018235,0.961460,0.020304,0.000000,0.000000,0.000000,0.000000,0.000000,0.000000,0.000000,0.000000,0.000000,,,,,,,,,,,,,,,,,,,,,,,,,,,,
08/04/2026,,,,,0.000000,0.000000,0.000000,0.000000,0.000000,0.000000,0.000000,0.000000,0.000000,0.019793,0.970069,0.010138,0.000000,0.000000,0.000000,0.000000,0.000000,0.000000,0.000000,0.000000,0.000000,,,,,,,,,,,,,,,,,,,,,,,,,,,,
09/04/2026,,,,,0.000000,0.000000,0.000000,0.000000,0.000000,0.000000,0.000000,0.000000,0.000000,0.037822,0.942288,0.019891,0.000000,0.000000,0.000000,0.000000,0.000000,0.000000,0.000000,0.000000,0.000000,,,,,,,,,,,,,,,,,,,,,,,,,,,,
10/04/2026,,,,,0.000000,0.000000,0.000000,0.000000,0.000000,0.000000,0.000000,0.000000,0.000000,0.018235,0.961460,0.020304,0.000000,0.000000,0.000000,0.000000,0.000000,0.000000,0.000000,0.000000,0.000000,,,,,,,,,,,,,,,,,,,,,,,,,,,,
13/04/2026,,,,,0.000000,0.000000,0.000000,0.000000,0.000000,0.000000,0.000000,0.000000,0.000000,0.015698,0.974121,0.010181,0.000000,0.000000,0.000000,0.000000,0.000000,0.000000,0.000000,0.000000,0.000000,,,,,,,,,,,,,,,,,,,,,,,,,,,,
14/04/2026,,,,,0.000000,0.000000,0.000000,0.000000,0.000000,0.000000,0.000000,0.000000,0.000000,0.015698,0.974121,0.010181,0.000000,0.000000,0.000000,0.000000,0.000000,0.000000,0.000000,0.000000,0.000000,,,,,,,,,,,,,,,,,,,,,,,,,,,,
15/04/2026,,,,,0.000000,0.000000,0.000000,0.000000,0.000000,0.000000,0.000000,0.000000,0.000000,0.000000,0.985560,0.014397,0.000043,0.000000,0.000000,0.000000,0.000000,0.000000,0.000000,0.000000,0.000000,,,,,,,,,,,,,,,,,,,,,,,,,,,,
16/04/2026,,,,,0.000000,0.000000,0.000000,0.000000,0.000000,0.000000,0.000000,0.000000,0.000000,0.015862,0.984138,0.000000,0.000000,0.000000,0.000000,0.000000,0.000000,0.000000,0.000000,0.000000,0.000000,,,,,,,,,,,,,,,,,,,,,,,,,,,,
17/04/2026,,,,,0.000000,0.000000,0.000000,0.000000,0.000000,0.000000,0.000000,0.000000,0.000000,0.051189,0.939001,0.009810,0.000000,0.000000,0.000000,0.000000,0.000000,0.000000,0.000000,0.000000,0.000000,,,,,,,,,,,,,,,,,,,,,,,,,,,,
20/04/2026,,,,,0.000000,0.000000,0.000000,0.000000,0.000000,0.000000,0.000000,0.000000,0.000000,0.014483,0.985517,0.000000,0.000000,0.000000,0.000000,0.000000,0.000000,0.000000,0.000000,0.000000,0.000000,,,,,,,,,,,,,,,,,,,,,,,,,,,,
21/04/2026,,,,,0.000000,0.000000,0.000000,0.000000,0.000000,0.000000,0.000000,0.000000,0.000000,0.017241,0.982759,0.000000,0.000000,0.000000,0.000000,0.000000,0.000000,0.000000,0.000000,0.000000,0.000000,,,,,,,,,,,,,,,,,,,,,,,,,,,,
22/04/2026,,,,,0.000000,0.000000,0.000000,0.000000,0.000000,0.000000,0.000000,0.000000,0.000000,0.017241,0.982759,0.000000,0.000000,0.000000,0.000000,0.000000,0.000000,0.000000,0.000000,0.000000,0.000000,,,,,,,,,,,,,,,,,,,,,,,,,,,,
23/04/2026,,,,,0.000000,0.000000,0.000000,0.000000,0.000000,0.000000,0.000000,0.000000,0.000000,0.036856,0.953184,0.009960,0.000000,0.000000,0.000000,0.000000,0.000000,0.000000,0.000000,0.000000,0.000000,,,,,,,,,,,,,,,,,,,,,,,,,,,,
24/04/2026,,,,,0.000000,0.000000,0.000000,0.000000,0.000000,0.000000,0.000000,0.000000,0.000000,0.052554,0.937650,0.009795,0.000000,0.000000,0.000000,0.000000,0.000000,0.000000,0.000000,0.000000,0.000000,,,,,,,,,,,,,,,,,,,,,,,,,,,,
27/04/2026,,,,,0.000000,0.000000,0.000000,0.000000,0.000000,0.000000,0.000000,0.000000,0.000000,0.055862,0.944138,0.000000,0.000000,0.000000,0.000000,0.000000,0.000000,0.000000,0.000000,0.000000,0.000000,,,,,,,,,,,,,,,,,,,,,,,,,,,,
28/04/2026,,,,,0.000000,0.000000,0.000000,0.000000,0.000000,0.000000,0.000000,0.000000,0.000000,0.025862,0.974138,0.000000,0.000000,0.000000,0.000000,0.000000,0.000000,0.000000,0.000000,0.000000,0.000000,,,,,,,,,,,,,,,,,,,,,,,,,,,,
29/04/2026,,,,,0.000000,0.000000,0.000000,0.000000,0.000000,0.000000,0.000000,0.000000,0.000000,0.010000,0.990000,0.000000,0.000000,0.000000,0.000000,0.000000,0.000000,0.000000,0.000000,0.000000,0.000000,,,,,,,,,,,,,,,,,,,,,,,,,,,,
30/04/2026,,,,,,,,,,0.000000,0.000000,0.000000,0.000000,0.055862,0.944138,0.000000,0.000000,0.000000,0.000000,0.000000,,,,,,,,,,,,,,,,,,,,,,,,,,,,,,,,,
01/05/2026,,,,,,,,,,0.000000,0.000000,0.000000,0.000000,0.067241,0.932759,0.000000,0.000000,0.000000,0.000000,0.000000,,,,,,,,,,,,,,,,,,,,,,,,,,,,,,,,,
04/05/2026,,,,,,,,,,0.000000,0.000000,0.000000,0.000000,0.058621,0.941379,0.000000,0.000000,0.000000,0.000000,0.000000,,,,,,,,,,,,,,,,,,,,,,,,,,,,,,,,,
05/05/2026,,,,,,,,,,0.000000,0.000000,0.000000,0.000000,0.055862,0.944138,0.000000,0.000000,0.000000,0.000000,0.000000,,,,,,,,,,,,,,,,,,,,,,,,,,,,,,,,,
06/05/2026,,,,,,,,,,0.000000,0.000000,0.000000,0.000000,0.054483,0.945517,0.000000,0.000000,0.000000,0.000000,0.000000,,,,,,,,,,,,,,,,,,,,,,,,,,,,,,,,,
07/05/2026,,,,,,,,,,0.000000,0.000000,0.000000,0.000000,0.035862,0.964138,0.000000,0.000000,0.000000,0.000000,0.000000,,,,,,,,,,,,,,,,,,,,,,,,,,,,,,,,,
08/05/2026,,,,,,,,,,0.000000,0.000000,0.000000,0.000000,0.065862,0.934138,0.000000,0.000000,0.000000,0.000000,0.000000,,,,,,,,,,,,,,,,,,,,,,,,,,,,,,,,,
11/05/2026,,,,,,,,,,0.000000,0.000000,0.000000,0.000000,0.028621,0.971379,0.000000,0.000000,0.000000,0.000000,0.000000,,,,,,,,,,,,,,,,,,,,,,,,,,,,,,,,,
12/05/2026,,,,,,,,,,0.000000,0.000000,0.000000,0.000000,0.018621,0.981379,0.000000,0.000000,0.000000,0.000000,0.000000,,,,,,,,,,,,,,,,,,,,,,,,,,,,,,,,,
13/05/2026,,,,,,,,,,0.000000,0.000000,0.000000,0.000000,0.010000,0.990000,0.000000,0.000000,0.000000,0.000000,0.000000,,,,,,,,,,,,,,,,,,,,,,,,,,,,,,,,,
14/05/2026,,,,,,,,,,0.000000,0.000000,0.000000,0.000000,0.021379,0.978621,0.000000,0.000000,0.000000,0.000000,0.000000,,,,,,,,,,,,,,,,,,,,,,,,,,,,,,,,,
15/05/2026,,,,,,,,,,0.000000,0.000000,0.000000,0.000000,0.012759,0.987241,0.000000,0.000000,0.000000,0.000000,0.000000,,,,,,,,,,,,,,,,,,,,,,,,,,,,,,,,,
18/05/2026,,,,,,,,,,0.000000,0.000000,0.000000,0.000000,0.000000,0.994138,0.005862,0.000000,0.000000,0.000000,0.000000,,,,,,,,,,,,,,,,,,,,,,,,,,,,,,,,,
19/05/2026,,,,,,,,,,0.000000,0.000000,0.000000,0.000000,0.009655,0.990345,0.000000,0.000000,0.000000,0.000000,0.000000,,,,,,,,,,,,,,,,,,,,,,,,,,,,,,,,,
20/05/2026,,,,,,,,,,0.000000,0.000000,0.000000,0.000000,0.026897,0.973103,0.000000,0.000000,0.000000,0.000000,0.000000,,,,,,,,,,,,,,,,,,,,,,,,,,,,,,,,,
21/05/2026,,,,,,,,,,0.000000,0.000000,0.000000,0.000000,0.000000,0.978276,0.021724,0.000000,0.000000,0.000000,0.000000,,,,,,,,,,,,,,,,,,,,,,,,,,,,,,,,,
22/05/2026,,,,,,,,,,0.000000,0.000000,0.000000,0.000000,0.000000,0.959655,0.040345,0.000000,0.000000,0.000000,0.000000,,,,,,,,,,,,,,,,,,,,,,,,,,,,,,,,,
26/05/2026,,,,,,,,,,0.000000,0.000000,0.000000,0.000000,0.000000,0.986897,0.013103,0.000000,0.000000,0.000000,0.000000,,,,,,,,,,,,,,,,,,,,,,,,,,,,,,,,,
27/05/2026,,,,,,,,,,0.000000,0.000000,0.000000,0.000000,0.000000,0.995517,0.004483,0.000000,0.000000,0.000000,0.000000,,,,,,,,,,,,,,,,,,,,,,,,,,,,,,,,,
28/05/2026,,,,,,,,,,0.000000,0.000000,0.000000,0.000000,0.000000,0.994138,0.005862,0.000000,0.000000,0.000000,0.000000,,,,,,,,,,,,,,,,,,,,,,,,,,,,,,,,,
29/05/2026,,,,,,,,,,0.000000,0.000000,0.000000,0.000000,0.004138,0.995862,0.000000,0.000000,0.000000,0.000000,0.000000,,,,,,,,,,,,,,,,,,,,,,,,,,,,,,,,,
01/06/2026,,,,,,,,,,0.000000,0.000000,0.000000,0.000000,0.004138,0.995862,0.000000,0.000000,0.000000,0.000000,0.000000,,,,,,,,,,,,,,,,,,,,,,,,,,,,,,,,,
02/06/2026,,,,,,,,,,0.000000,0.000000,0.000000,0.000000,0.024138,0.975862,0.000000,0.000000,0.000000,0.000000,0.000000,,,,,,,,,,,,,,,,,,,,,,,,,,,,,,,,,
03/06/2026,,,,,,,,,,0.000000,0.000000,0.000000,0.000000,0.026897,0.973103,0.000000,0.000000,0.000000,0.000000,0.000000,,,,,,,,,,,,,,,,,,,,,,,,,,,,,,,,,
04/06/2026,,,,,,,,,,0.000000,0.000000,0.000000,0.000000,0.045517,0.954483,0.000000,0.000000,0.000000,0.000000,0.000000,,,,,,,,,,,,,,,,,,,,,,,,,,,,,,,,,
05/06/2026,,,,,,,,,,0.000000,0.000000,0.000000,0.000000,0.028276,0.971724,0.000000,0.000000,0.000000,0.000000,0.000000,,,,,,,,,,,,,,,,,,,,,,,,,,,,,,,,,
08/06/2026,,,,,,,,,,0.000000,0.000000,0.000000,0.000000,0.029655,0.970345,0.000000,0.000000,0.000000,0.000000,0.000000,,,,,,,,,,,,,,,,,,,,,,,,,,,,,,,,,
09/06/2026,,,,,,,,,,0.000000,0.000000,0.000000,0.000000,0.008276,0.991724,0.000000,0.000000,0.000000,0.000000,0.000000,,,,,,,,,,,,,,,,,,,,,,,,,,,,,,,,,
10/06/2026,,,,,,,,,,0.000000,0.000000,0.000000,0.000000,0.026897,0.973103,0.000000,0.000000,0.000000,0.000000,0.000000,,,,,,,,,,,,,,,,,,,,,,,,,,,,,,,,,
11/06/2026,,,,,,,,,,0.000000,0.000000,0.000000,0.000000,0.025517,0.974483,0.000000,0.000000,0.000000,0.000000,0.000000,,,,,,,,,,,,,,,,,,,,,,,,,,,,,,,,,
12/06/2026,,,,,,,,,,0.000000,0.000000,0.000000,0.000000,0.025517,0.974483,0.000000,0.000000,0.000000,0.000000,0.000000,,,,,,,,,,,,,,,,,,,,,,,,,,,,,,,,,
15/06/2026,,,,,,,,,,0.000000,0.000000,0.000000,0.000000,0.004138,0.995862,0.000000,0.000000,0.000000,0.000000,0.000000,,,,,,,,,,,,,,,,,,,,,,,,,,,,,,,,,
16/06/2026,,,,,,,,,,0.000000,0.000000,0.000000,0.000000,0.005517,0.994483,0.000000,0.000000,0.000000,0.000000,0.000000,,,,,,,,,,,,,,,,,,,,,,,,,,,,,,,,,
17/06/2026,,,,,,,,,,0.000000,0.000000,0.000000,0.000000,0.000000,0.977931,0.022069,0.000000,0.000000,0.000000,0.000000,,,,,,,,,,,,,,,,,,,,,,,,,,,,,,,,,
